Workbook

Sheet 正式賽程表
A1: 排球比賽正式賽程表（9 隊／3 場地／每場 1 小時）
A2: 賽制：ABC／DEF／GHI 三組單循環，各組取前 2 名晉級六強。
A3: 六強賽制：S1、S2 直接進四強；S3 vs S6、S4 vs S5，之後打四強、5/6 名、季軍、冠軍。
A4: 裁判原則：預賽由同組未出賽隊擔任隨隊裁判；六強由各組第三名（T3A／T3B／T3C）輪值執法。
A5: 檢查方式：如需替換裁判，請同步查看「裁判衝突檢查」分頁是否仍為 OK。
A6: 時間 | B6: 場地 1 | D6: 場地 2 | F6: 場地 3
A7: 時間 | B7: 對戰 | C7: 裁判 | D7: 對戰 | E7: 裁判 | F7: 對戰 | G7: 裁判
A8: =DATA!A2 -> 09:00-10:00 | B8: =IF(DATA!B2="","",DATA!B2&IFERROR("（"&VLOOKUP(DATA!B2,MAP!$A$2:$B$28,2,FALSE)&"）","")&" vs "&DATA!C2&IFERROR("（"&VLOOKUP(DATA!C2,MAP!$A$2:$B$28,2,FALSE)&"）","")) -> A（1） vs B（2） | C8: =IF(DATA!D2="","",DATA!D2&IFERROR("（"&VLOOKUP(DATA!D2,MAP!$A$2:$B$28,2,FALSE)&"）","")) -> C（3） | D8: =IF(DATA!E2="","",DATA!E2&IFERROR("（"&VLOOKUP(DATA!E2,MAP!$A$2:$B$28,2,FALSE)&"）","")&" vs "&DATA!F2&IFERROR("（"&VLOOKUP(DATA!F2,MAP!$A$2:$B$28,2,FALSE)&"）","")) -> D（4） vs E（5） | E8: =IF(DATA!G2="","",DATA!G2&IFERROR("（"&VLOOKUP(DATA!G2,MAP!$A$2:$B$28,2,FALSE)&"）","")) -> F（6） | F8: =IF(DATA!H2="","",DATA!H2&IFERROR("（"&VLOOKUP(DATA!H2,MAP!$A$2:$B$28,2,FALSE)&"）","")&" vs "&DATA!I2&IFERROR("（"&VLOOKUP(DATA!I2,MAP!$A$2:$B$28,2,FALSE)&"）","")) -> G（7） vs H（8） | G8: =IF(DATA!J2="","",DATA!J2&IFERROR("（"&VLOOKUP(DATA!J2,MAP!$A$2:$B$28,2,FALSE)&"）","")) -> I（9）
A9: =DATA!A3 -> 10:00-11:00 | B9: =IF(DATA!B3="","",DATA!B3&IFERROR("（"&VLOOKUP(DATA!B3,MAP!$A$2:$B$28,2,FALSE)&"）","")&" vs "&DATA!C3&IFERROR("（"&VLOOKUP(DATA!C3,MAP!$A$2:$B$28,2,FALSE)&"）","")) -> B（2） vs C（3） | C9: =IF(DATA!D3="","",DATA!D3&IFERROR("（"&VLOOKUP(DATA!D3,MAP!$A$2:$B$28,2,FALSE)&"）","")) -> A（1） | D9: =IF(DATA!E3="","",DATA!E3&IFERROR("（"&VLOOKUP(DATA!E3,MAP!$A$2:$B$28,2,FALSE)&"）","")&" vs "&DATA!F3&IFERROR("（"&VLOOKUP(DATA!F3,MAP!$A$2:$B$28,2,FALSE)&"）","")) -> E（5） vs F（6） | E9: =IF(DATA!G3="","",DATA!G3&IFERROR("（"&VLOOKUP(DATA!G3,MAP!$A$2:$B$28,2,FALSE)&"）","")) -> D（4） | F9: =IF(DATA!H3="","",DATA!H3&IFERROR("（"&VLOOKUP(DATA!H3,MAP!$A$2:$B$28,2,FALSE)&"）","")&" vs "&DATA!I3&IFERROR("（"&VLOOKUP(DATA!I3,MAP!$A$2:$B$28,2,FALSE)&"）","")) -> H（8） vs I（9） | G9: =IF(DATA!J3="","",DATA!J3&IFERROR("（"&VLOOKUP(DATA!J3,MAP!$A$2:$B$28,2,FALSE)&"）","")) -> G（7）
A10: =DATA!A4 -> 11:00-12:00 | B10: =IF(DATA!B4="","",DATA!B4&IFERROR("（"&VLOOKUP(DATA!B4,MAP!$A$2:$B$28,2,FALSE)&"）","")&" vs "&DATA!C4&IFERROR("（"&VLOOKUP(DATA!C4,MAP!$A$2:$B$28,2,FALSE)&"）","")) -> A（1） vs C（3） | C10: =IF(DATA!D4="","",DATA!D4&IFERROR("（"&VLOOKUP(DATA!D4,MAP!$A$2:$B$28,2,FALSE)&"）","")) -> B（2） | D10: =IF(DATA!E4="","",DATA!E4&IFERROR("（"&VLOOKUP(DATA!E4,MAP!$A$2:$B$28,2,FALSE)&"）","")&" vs "&DATA!F4&IFERROR("（"&VLOOKUP(DATA!F4,MAP!$A$2:$B$28,2,FALSE)&"）","")) -> D（4） vs F（6） | E10: =IF(DATA!G4="","",DATA!G4&IFERROR("（"&VLOOKUP(DATA!G4,MAP!$A$2:$B$28,2,FALSE)&"）","")) -> E（5） | F10: =IF(DATA!H4="","",DATA!H4&IFERROR("（"&VLOOKUP(DATA!H4,MAP!$A$2:$B$28,2,FALSE)&"）","")&" vs "&DATA!I4&IFERROR("（"&VLOOKUP(DATA!I4,MAP!$A$2:$B$28,2,FALSE)&"）","")) -> G（7） vs I（9） | G10: =IF(DATA!J4="","",DATA!J4&IFERROR("（"&VLOOKUP(DATA!J4,MAP!$A$2:$B$28,2,FALSE)&"）","")) -> H（8）
A11: 12:00-13:00 | B11: 午休／預賽成績統計／六強種子排序
A12: =DATA!A6 -> 13:00-14:00 | B12: =IF(DATA!B6="","",DATA!B6&IFERROR("（"&VLOOKUP(DATA!B6,MAP!$A$2:$B$28,2,FALSE)&"）","")&" vs "&DATA!C6&IFERROR("（"&VLOOKUP(DATA!C6,MAP!$A$2:$B$28,2,FALSE)&"）","")) -> S3（0） vs S6（0） | C12: =IF(DATA!D6="","",DATA!D6&IFERROR("（"&VLOOKUP(DATA!D6,MAP!$A$2:$B$28,2,FALSE)&"）","")) -> T3A（0） | D12: =IF(DATA!E6="","",DATA!E6&IFERROR("（"&VLOOKUP(DATA!E6,MAP!$A$2:$B$28,2,FALSE)&"）","")&" vs "&DATA!F6&IFERROR("（"&VLOOKUP(DATA!F6,MAP!$A$2:$B$28,2,FALSE)&"）","")) -> S4（0） vs S5（0） | E12: =IF(DATA!G6="","",DATA!G6&IFERROR("（"&VLOOKUP(DATA!G6,MAP!$A$2:$B$28,2,FALSE)&"）","")) -> T3B（0） | F12: =IF(DATA!H6="","",DATA!H6&IFERROR("（"&VLOOKUP(DATA!H6,MAP!$A$2:$B$28,2,FALSE)&"）","")&" vs "&DATA!I6&IFERROR("（"&VLOOKUP(DATA!I6,MAP!$A$2:$B$28,2,FALSE)&"）","")) | G12: =IF(DATA!J6="","",DATA!J6&IFERROR("（"&VLOOKUP(DATA!J6,MAP!$A$2:$B$28,2,FALSE)&"）",""))
A13: =DATA!A7 -> 14:00-15:00 | B13: =IF(DATA!B7="","",DATA!B7&IFERROR("（"&VLOOKUP(DATA!B7,MAP!$A$2:$B$28,2,FALSE)&"）","")&" vs "&DATA!C7&IFERROR("（"&VLOOKUP(DATA!C7,MAP!$A$2:$B$28,2,FALSE)&"）","")) -> S1（0） vs W1（0） | C13: =IF(DATA!D7="","",DATA!D7&IFERROR("（"&VLOOKUP(DATA!D7,MAP!$A$2:$B$28,2,FALSE)&"）","")) -> T3C（0） | D13: =IF(DATA!E7="","",DATA!E7&IFERROR("（"&VLOOKUP(DATA!E7,MAP!$A$2:$B$28,2,FALSE)&"）","")&" vs "&DATA!F7&IFERROR("（"&VLOOKUP(DATA!F7,MAP!$A$2:$B$28,2,FALSE)&"）","")) -> S2（0） vs W2（0） | E13: =IF(DATA!G7="","",DATA!G7&IFERROR("（"&VLOOKUP(DATA!G7,MAP!$A$2:$B$28,2,FALSE)&"）","")) -> T3A（0） | F13: =IF(DATA!H7="","",DATA!H7&IFERROR("（"&VLOOKUP(DATA!H7,MAP!$A$2:$B$28,2,FALSE)&"）","")&" vs "&DATA!I7&IFERROR("（"&VLOOKUP(DATA!I7,MAP!$A$2:$B$28,2,FALSE)&"）","")) -> L1（0） vs L2（0） | G13: =IF(DATA!J7="","",DATA!J7&IFERROR("（"&VLOOKUP(DATA!J7,MAP!$A$2:$B$28,2,FALSE)&"）","")) -> T3B（0）
A14: =DATA!A8 -> 15:00-16:00 | B14: =IF(DATA!B8="","",DATA!B8&IFERROR("（"&VLOOKUP(DATA!B8,MAP!$A$2:$B$28,2,FALSE)&"）","")&" vs "&DATA!C8&IFERROR("（"&VLOOKUP(DATA!C8,MAP!$A$2:$B$28,2,FALSE)&"）","")) -> W3（0） vs W4（0） | C14: =IF(DATA!D8="","",DATA!D8&IFERROR("（"&VLOOKUP(DATA!D8,MAP!$A$2:$B$28,2,FALSE)&"）","")) -> T3C（0） | D14: =IF(DATA!E8="","",DATA!E8&IFERROR("（"&VLOOKUP(DATA!E8,MAP!$A$2:$B$28,2,FALSE)&"）","")&" vs "&DATA!F8&IFERROR("（"&VLOOKUP(DATA!F8,MAP!$A$2:$B$28,2,FALSE)&"）","")) -> L3（0） vs L4（0） | E14: =IF(DATA!G8="","",DATA!G8&IFERROR("（"&VLOOKUP(DATA!G8,MAP!$A$2:$B$28,2,FALSE)&"）","")) -> T3A（0） | F14: =IF(DATA!H8="","",DATA!H8&IFERROR("（"&VLOOKUP(DATA!H8,MAP!$A$2:$B$28,2,FALSE)&"）","")&" vs "&DATA!I8&IFERROR("（"&VLOOKUP(DATA!I8,MAP!$A$2:$B$28,2,FALSE)&"）","")) | G14: =IF(DATA!J8="","",DATA!J8&IFERROR("（"&VLOOKUP(DATA!J8,MAP!$A$2:$B$28,2,FALSE)&"）",""))
A15: 16:00-17:00 | B15: 頒獎／場地整理／彈性補賽時段
A16: 備註 | B16: 13:00：六強首輪（S3 vs S6、S4 vs S5）
B17: 14:00：四強（S1 vs W1、S2 vs W2）＋ 5/6 名（L1 vs L2）
B18: 15:00：冠軍賽（W3 vs W4）＋ 季軍賽（L3 vs L4）

Sheet DATA
A1: 時間 | B1: C1_T1 | C1: C1_T2 | D1: C1_REF | E1: C2_T1 | F1: C2_T2 | G1: C2_REF | H1: C3_T1 | I1: C3_T2 | J1: C3_REF
A2: 09:00-10:00 | B2: A | C2: B | D2: C | E2: D | F2: E | G2: F | H2: G | I2: H | J2: I
A3: 10:00-11:00 | B3: B | C3: C | D3: A | E3: E | F3: F | G3: D | H3: H | I3: I | J3: G
A4: 11:00-12:00 | B4: A | C4: C | D4: B | E4: D | F4: F | G4: E | H4: G | I4: I | J4: H
A5: 12:00-13:00
A6: 13:00-14:00 | B6: S3 | C6: S6 | D6: T3A | E6: S4 | F6: S5 | G6: T3B
A7: 14:00-15:00 | B7: S1 | C7: W1 | D7: T3C | E7: S2 | F7: W2 | G7: T3A | H7: L1 | I7: L2 | J7: T3B
A8: 15:00-16:00 | B8: W3 | C8: W4 | D8: T3C | E8: L3 | F8: L4 | G8: T3A
A9: 16:00-17:00

Sheet 隊伍填寫
A1: 代號 | B1: 隊名／學校／單位 | C1: 備註
A2: A | B2: 1 | C2: 預賽 A 組 | E2: 填寫說明
A3: B | B3: 2 | C3: 預賽 A 組 | E3: 1. 先填 A～I 的實際隊名。
A4: C | B4: 3 | C4: 預賽 A 組 | E4: 2. 預賽結束後，再填 S1～S6、W1～W4、L1～L4、T3A～T3C。
A5: D | B5: 4 | C5: 預賽 B 組 | E5: 3. 正式賽程表會自動帶出你在本表填的隊名。
A6: E | B6: 5 | C6: 預賽 B 組
A7: F | B7: 6 | C7: 預賽 B 組
A8: G | B8: 7 | C8: 預賽 C 組
A9: H | B9: 8 | C9: 預賽 C 組
A10: I | B10: 9 | C10: 預賽 C 組
A12: S1 | C12: 六強種子 1（預賽後填入）
A13: S2 | C13: 六強種子 2（預賽後填入）
A14: S3 | C14: 六強種子 3（預賽後填入）
A15: S4 | C15: 六強種子 4（預賽後填入）
A16: S5 | C16: 六強種子 5（預賽後填入）
A17: S6 | C17: 六強種子 6（預賽後填入）
A18: W1 | C18: 13:00 第 1 場勝者
A19: W2 | C19: 13:00 第 2 場勝者
A20: L1 | C20: 13:00 第 1 場敗者
A21: L2 | C21: 13:00 第 2 場敗者
A22: W3 | C22: 14:00 場地 1 勝者
A23: W4 | C23: 14:00 場地 2 勝者
... A28: T3C | C28: 各組第 3 名裁判隊伍

Sheet MAP
A1: =隊伍填寫!A1 -> 代號 | B1: =隊伍填寫!B1 -> 隊名／學校／單位
A2: =隊伍填寫!A2 -> A | B2: =隊伍填寫!B2 -> 1
A3: =隊伍填寫!A3 -> B | B3: =隊伍填寫!B3 -> 2
A4: =隊伍填寫!A4 -> C | B4: =隊伍填寫!B4 -> 3
A5: =隊伍填寫!A5 -> D | B5: =隊伍填寫!B5 -> 4
A6: =隊伍填寫!A6 -> E | B6: =隊伍填寫!B6 -> 5
A7: =隊伍填寫!A7 -> F | B7: =隊伍填寫!B7 -> 6
A8: =隊伍填寫!A8 -> G | B8: =隊伍填寫!B8 -> 7
A9: =隊伍填寫!A9 -> H | B9: =隊伍填寫!B9 -> 8
A10: =隊伍填寫!A10 -> I | B10: =隊伍填寫!B10 -> 9
A11: =隊伍填寫!A11 -> 0 | B11: =隊伍填寫!B11 -> 0
A12: =隊伍填寫!A12 -> S1 | B12: =隊伍填寫!B12 -> 0
... A28: =隊伍填寫!A28 -> T3C | B28: =隊伍填寫!B28 -> 0

Sheet 裁判衝突檢查
A1: 時間 | B1: 場地1 | C1: 場地2 | D1: 場地3 | E1: 總結
A2: =DATA!A2 -> 09:00-10:00 | B2: =IF(DATA!B2="","",IF(OR(DATA!D2=DATA!B2,DATA!D2=DATA!C2,DATA!D2=DATA!E2,DATA!D2=DATA!F2,DATA!D2=DATA!H2,DATA!D2=DATA!I2,AND(DATA!D2<>"",DATA!D2=DATA!G2),AND(DATA!D2<>"",DATA!D2=DATA!J2)),"衝突","OK")) -> OK | C2: =IF(DATA!E2="","",IF(OR(DATA!G2=DATA!B2,DATA!G2=DATA!C2,DATA!G2=DATA!E2,DATA!G2=DATA!F2,DATA!G2=DATA!H2,DATA!G2=DATA!I2,AND(DATA!G2<>"",DATA!G2=DATA!D2),AND(DATA!G2<>"",DATA!G2=DATA!J2)),"衝突","OK")) -> OK | D2: =IF(DATA!H2="","",IF(OR(DATA!J2=DATA!B2,DATA!J2=DATA!C2,DATA!J2=DATA!E2,DATA!J2=DATA!F2,DATA!J2=DATA!H2,DATA!J2=DATA!I2,AND(DATA!J2<>"",DATA!J2=DATA!D2),AND(DATA!J2<>"",DATA!J2=DATA!G2)),"衝突","OK")) -> OK | E2: =IF(COUNTIF(B2:D2,"衝突")>0,"需調整","OK") -> OK | G2: 檢查說明
A3: =DATA!A3 -> 10:00-11:00 | B3: =IF(DATA!B3="","",IF(OR(DATA!D3=DATA!B3,DATA!D3=DATA!C3,DATA!D3=DATA!E3,DATA!D3=DATA!F3,DATA!D3=DATA!H3,DATA!D3=DATA!I3,AND(DATA!D3<>"",DATA!D3=DATA!G3),AND(DATA!D3<>"",DATA!D3=DATA!J3)),"衝突","OK")) -> OK | C3: =IF(DATA!E3="","",IF(OR(DATA!G3=DATA!B3,DATA!G3=DATA!C3,DATA!G3=DATA!E3,DATA!G3=DATA!F3,DATA!G3=DATA!H3,DATA!G3=DATA!I3,AND(DATA!G3<>"",DATA!G3=DATA!D3),AND(DATA!G3<>"",DATA!G3=DATA!J3)),"衝突","OK")) -> OK | D3: =IF(DATA!H3="","",IF(OR(DATA!J3=DATA!B3,DATA!J3=DATA!C3,DATA!J3=DATA!E3,DATA!J3=DATA!F3,DATA!J3=DATA!H3,DATA!J3=DATA!I3,AND(DATA!J3<>"",DATA!J3=DATA!D3),AND(DATA!J3<>"",DATA!J3=DATA!G3)),"衝突","OK")) -> OK | E3: =IF(COUNTIF(B3:D3,"衝突")>0,"需調整","OK") -> OK | G3: OK：裁判沒有和自己隊伍出賽撞場，且同時段未重複執法。
A4: =DATA!A4 -> 11:00-12:00 | B4: =IF(DATA!B4="","",IF(OR(DATA!D4=DATA!B4,DATA!D4=DATA!C4,DATA!D4=DATA!E4,DATA!D4=DATA!F4,DATA!D4=DATA!H4,DATA!D4=DATA!I4,AND(DATA!D4<>"",DATA!D4=DATA!G4),AND(DATA!D4<>"",DATA!D4=DATA!J4)),"衝突","OK")) -> OK | C4: =IF(DATA!E4="","",IF(OR(DATA!G4=DATA!B4,DATA!G4=DATA!C4,DATA!G4=DATA!E4,DATA!G4=DATA!F4,DATA!G4=DATA!H4,DATA!G4=DATA!I4,AND(DATA!G4<>"",DATA!G4=DATA!D4),AND(DATA!G4<>"",DATA!G4=DATA!J4)),"衝突","OK")) -> OK | D4: =IF(DATA!H4="","",IF(OR(DATA!J4=DATA!B4,DATA!J4=DATA!C4,DATA!J4=DATA!E4,DATA!J4=DATA!F4,DATA!J4=DATA!H4,DATA!J4=DATA!I4,AND(DATA!J4<>"",DATA!J4=DATA!D4),AND(DATA!J4<>"",DATA!J4=DATA!G4)),"衝突","OK")) -> OK | E4: =IF(COUNTIF(B4:D4,"衝突")>0,"需調整","OK") -> OK | G4: 若你手動調整裁判代號，請看本頁總結欄是否仍為 OK。
A5: =DATA!A5 -> 12:00-13:00 | B5: =IF(DATA!B5="","",IF(OR(DATA!D5=DATA!B5,DATA!D5=DATA!C5,DATA!D5=DATA!E5,DATA!D5=DATA!F5,DATA!D5=DATA!H5,DATA!D5=DATA!I5,AND(DATA!D5<>"",DATA!D5=DATA!G5),AND(DATA!D5<>"",DATA!D5=DATA!J5)),"衝突","OK")) | C5: =IF(DATA!E5="","",IF(OR(DATA!G5=DATA!B5,DATA!G5=DATA!C5,DATA!G5=DATA!E5,DATA!G5=DATA!F5,DATA!G5=DATA!H5,DATA!G5=DATA!I5,AND(DATA!G5<>"",DATA!G5=DATA!D5),AND(DATA!G5<>"",DATA!G5=DATA!J5)),"衝突","OK")) | D5: =IF(DATA!H5="","",IF(OR(DATA!J5=DATA!B5,DATA!J5=DATA!C5,DATA!J5=DATA!E5,DATA!J5=DATA!F5,DATA!J5=DATA!H5,DATA!J5=DATA!I5,AND(DATA!J5<>"",DATA!J5=DATA!D5),AND(DATA!J5<>"",DATA!J5=DATA!G5)),"衝突","OK")) | E5: =IF(COUNTIF(B5:D5,"衝突")>0,"需調整","OK") -> OK
A6: =DATA!A6 -> 13:00-14:00 | B6: =IF(DATA!B6="","",IF(OR(DATA!D6=DATA!B6,DATA!D6=DATA!C6,DATA!D6=DATA!E6,DATA!D6=DATA!F6,DATA!D6=DATA!H6,DATA!D6=DATA!I6,AND(DATA!D6<>"",DATA!D6=DATA!G6),AND(DATA!D6<>"",DATA!D6=DATA!J6)),"衝突","OK")) -> OK | C6: =IF(DATA!E6="","",IF(OR(DATA!G6=DATA!B6,DATA!G6=DATA!C6,DATA!G6=DATA!E6,DATA!G6=DATA!F6,DATA!G6=DATA!H6,DATA!G6=DATA!I6,AND(DATA!G6<>"",DATA!G6=DATA!D6),AND(DATA!G6<>"",DATA!G6=DATA!J6)),"衝突","OK")) -> OK | D6: =IF(DATA!H6="","",IF(OR(DATA!J6=DATA!B6,DATA!J6=DATA!C6,DATA!J6=DATA!E6,DATA!J6=DATA!F6,DATA!J6=DATA!H6,DATA!J6=DATA!I6,AND(DATA!J6<>"",DATA!J6=DATA!D6),AND(DATA!J6<>"",DATA!J6=DATA!G6)),"衝突","OK")) | E6: =IF(COUNTIF(B6:D6,"衝突")>0,"需調整","OK") -> OK
A7: =DATA!A7 -> 14:00-15:00 | B7: =IF(DATA!B7="","",IF(OR(DATA!D7=DATA!B7,DATA!D7=DATA!C7,DATA!D7=DATA!E7,DATA!D7=DATA!F7,DATA!D7=DATA!H7,DATA!D7=DATA!I7,AND(DATA!D7<>"",DATA!D7=DATA!G7),AND(DATA!D7<>"",DATA!D7=DATA!J7)),"衝突","OK")) -> OK | C7: =IF(DATA!E7="","",IF(OR(DATA!G7=DATA!B7,DATA!G7=DATA!C7,DATA!G7=DATA!E7,DATA!G7=DATA!F7,DATA!G7=DATA!H7,DATA!G7=DATA!I7,AND(DATA!G7<>"",DATA!G7=DATA!D7),AND(DATA!G7<>"",DATA!G7=DATA!J7)),"衝突","OK")) -> OK | D7: =IF(DATA!H7="","",IF(OR(DATA!J7=DATA!B7,DATA!J7=DATA!C7,DATA!J7=DATA!E7,DATA!J7=DATA!F7,DATA!J7=DATA!H7,DATA!J7=DATA!I7,AND(DATA!J7<>"",DATA!J7=DATA!D7),AND(DATA!J7<>"",DATA!J7=DATA!G7)),"衝突","OK")) -> OK | E7: =IF(COUNTIF(B7:D7,"衝突")>0,"需調整","OK") -> OK
A8: =DATA!A8 -> 15:00-16:00 | B8: =IF(DATA!B8="","",IF(OR(DATA!D8=DATA!B8,DATA!D8=DATA!C8,DATA!D8=DATA!E8,DATA!D8=DATA!F8,DATA!D8=DATA!H8,DATA!D8=DATA!I8,AND(DATA!D8<>"",DATA!D8=DATA!G8),AND(DATA!D8<>"",DATA!D8=DATA!J8)),"衝突","OK")) -> OK | C8: =IF(DATA!E8="","",IF(OR(DATA!G8=DATA!B8,DATA!G8=DATA!C8,DATA!G8=DATA!E8,DATA!G8=DATA!F8,DATA!G8=DATA!H8,DATA!G8=DATA!I8,AND(DATA!G8<>"",DATA!G8=DATA!D8),AND(DATA!G8<>"",DATA!G8=DATA!J8)),"衝突","OK")) -> OK | D8: =IF(DATA!H8="","",IF(OR(DATA!J8=DATA!B8,DATA!J8=DATA!C8,DATA!J8=DATA!E8,DATA!J8=DATA!F8,DATA!J8=DATA!H8,DATA!J8=DATA!I8,AND(DATA!J8<>"",DATA!J8=DATA!D8),AND(DATA!J8<>"",DATA!J8=DATA!G8)),"衝突","OK")) | E8: =IF(COUNTIF(B8:D8,"衝突")>0,"需調整","OK") -> OK
A9: =DATA!A9 -> 16:00-17:00 | B9: =IF(DATA!B9="","",IF(OR(DATA!D9=DATA!B9,DATA!D9=DATA!C9,DATA!D9=DATA!E9,DATA!D9=DATA!F9,DATA!D9=DATA!H9,DATA!D9=DATA!I9,AND(DATA!D9<>"",DATA!D9=DATA!G9),AND(DATA!D9<>"",DATA!D9=DATA!J9)),"衝突","OK")) | C9: =IF(DATA!E9="","",IF(OR(DATA!G9=DATA!B9,DATA!G9=DATA!C9,DATA!G9=DATA!E9,DATA!G9=DATA!F9,DATA!G9=DATA!H9,DATA!G9=DATA!I9,AND(DATA!G9<>"",DATA!G9=DATA!D9),AND(DATA!G9<>"",DATA!G9=DATA!J9)),"衝突","OK")) | D9: =IF(DATA!H9="","",IF(OR(DATA!J9=DATA!B9,DATA!J9=DATA!C9,DATA!J9=DATA!E9,DATA!J9=DATA!F9,DATA!J9=DATA!H9,DATA!J9=DATA!I9,AND(DATA!J9<>"",DATA!J9=DATA!D9),AND(DATA!J9<>"",DATA!J9=DATA!G9)),"衝突","OK")) | E9: =IF(COUNTIF(B9:D9,"衝突")>0,"需調整","OK") -> OK
